,loan_id_x,dob_ssn,zipcode_x,person_age_x,person_income_x,person_home_ownership_x,person_emp_length_x,loan_intent_x,loan_amnt_x,loan_int_rate_x,loan_status_x,event_timestamp,created_timestamp,loan_id_y,zipcode_y,person_age_y,person_income_y,person_home_ownership_y,person_emp_length_y,loan_intent_y,loan_amnt_y,loan_int_rate_y,loan_status_y,event_timestamp_x,created_timestamp_x,city,state,location_type,tax_returns_filed,population,total_wages,event_timestamp_y,created_timestamp_y
0,37119,19911106_2989,62889,48,66948,MORTGAGE,1e+00,VENTURE,24000,10.62,0,2020-09-14 04:55:52.556000+00:00,2020-09-14 04:55:52.556000+00:00,37119,62889,48,66948,MORTGAGE,1.0,VENTURE,24000,10.62,0,2020-09-14 04:55:52.556000+00:00,2020-09-14 04:55:52.556000+00:00,TEXICO,IL,PRIMARY,399,759,11264705,2017-01-01 12:00:00+00:00,2017-01-01 12:00:00+00:00
1,13566,19490701_3352,2135,26,131000,RENT,10.0,HOMEIMPROVEMENT,4000,12.84,0,2021-07-11 09:44:45.656000+00:00,2021-07-11 09:44:45.656000+00:00,13566,2135,26,131000,RENT,10.0,HOMEIMPROVEMENT,4000,12.84,0,2021-07-11 09:44:45.656000+00:00,2021-07-11 09:44:45.656000+00:00,BRIGHTON,MA,PRIMARY,21268,27370,855471186,2017-01-01 12:00:00+00:00,2017-01-01 12:00:00+00:00
2,36920,19830202_7159,15957,42,50000,RENT,3.0,HOMEIMPROVEMENT,8000,10.14,0,2020-09-16 17:48:17.857000+00:00,2020-09-16 17:48:17.857000+00:00,36920,15957,42,50000,RENT,3.0,HOMEIMPROVEMENT,8000,10.14,0,2020-09-16 17:48:17.857000+00:00,2020-09-16 17:48:17.857000+00:00,STRONGSTOWN,PA,PRIMARY,258,455,7607813,2017-01-01 12:00:00+00:00,2017-01-01 12:00:00+00:00
3,29299,19710326_8048,38452,33,44400,MORTGAGE,3.0,MEDICAL,2000,14.22,1,2020-12-22 21:03:12.043000+00:00,2020-12-22 21:03:12.043000+00:00,29299,38452,33,44400,MORTGAGE,3.0,MEDICAL,2000,14.22,1,2020-12-22 21:03:12.043000+00:00,2020-12-22 21:03:12.043000+00:00,CYPRESS INN,TN,PRIMARY,397,763,10933408,2017-01-01 12:00:00+00:00,2017-01-01 12:00:00+00:00
4,38454,19801222_5014,37036,59,40000,MORTGAGE,5.0,PERSONAL,3600,7.49,0,2020-08-28 04:33:26.940000+00:00,2020-08-28 04:33:26.940000+00:00,38454,37036,59,40000,MORTGAGE,5.0,PERSONAL,3600,7.49,0,2020-08-28 04:33:26.940000+00:00,2020-08-28 04:33:26.940000+00:00,CHARLOTTE,TN,PRIMARY,2459,4605,79487171,2017-01-01 12:00:00+00:00,2017-01-01 12:00:00+00:00
5,34787,19561204_2796,97032,35,48000,MORTGAGE,8.0,MEDICAL,2000,11.97,0,2020-10-13 22:17:07.144000+00:00,2020-10-13 22:17:07.144000+00:00,34787,97032,35,48000,MORTGAGE,8.0,MEDICAL,2000,11.97,0,2020-10-13 22:17:07.144000+00:00,2020-10-13 22:17:07.144000+00:00,HUBBARD,OR,PRIMARY,2003,3828,67957870,2017-01-01 12:00:00+00:00,2017-01-01 12:00:00+00:00
6,25214,19481123_7671,99587,24,48000,OWN,5.0,VENTURE,4400,5.99,0,2021-02-12 22:38:47.504000+00:00,2021-02-12 22:38:47.504000+00:00,25214,99587,24,48000,OWN,5.0,VENTURE,4400,5.99,0,2021-02-12 22:38:47.504000+00:00,2021-02-12 22:38:47.504000+00:00,GIRDWOOD,AK,PRIMARY,1306,1911,51471481,2017-01-01 12:00:00+00:00,2017-01-01 12:00:00+00:00
7,25214,19481123_7671,99587,24,48000,OWN,5.0,VENTURE,4400,5.99,0,2021-02-12 22:38:47.504000+00:00,2021-02-12 22:38:47.504000+00:00,25214,99587,24,48000,OWN,5.0,VENTURE,4400,5.99,0,2021-02-12 22:38:47.504000+00:00,2021-02-12 22:38:47.504000+00:00,GIRDWOOD,AK,PRIMARY,1306,1911,51471481,2017-01-01 12:00:00+00:00,2017-01-01 12:00:00+00:00
8,29497,19831226_5835,77272,29,52800,MORTGAGE,7.0,EDUCATION,25475,16.29,0,2020-12-20 08:29:07.974000+00:00,2020-12-20 08:29:07.974000+00:00,29497,77272,29,52800,MORTGAGE,7.0,EDUCATION,25475,16.29,0,2020-12-20 08:29:07.974000+00:00,2020-12-20 08:29:07.974000+00:00,HOUSTON,TX,PRIMARY,574,952,17871728,2017-01-01 12:00:00+00:00,2017-01-01 12:00:00+00:00
9,32636,19560501_9346,40111,28,42000,RENT,9.0,MEDICAL,12250,14.59,1,2020-11-10 08:16:18.620000+00:00,2020-11-10 08:16:18.620000+00:00,32636,40111,28,42000,RENT,9.0,MEDICAL,12250,14.59,1,2020-11-10 08:16:18.620000+00:00,2020-11-10 08:16:18.620000+00:00,CLOVERPORT,KY,PRIMARY,588,1104,15394648,2017-01-01 12:00:00+00:00,2017-01-01 12:00:00+00:00
10,33583,19570114_5191,34134,32,27500,OWN,1.0,VENTURE,5000,14.59,0,2020-10-29 06:35:11.280000+00:00,2020-10-29 06:35:11.280000+00:00,33583,34134,32,27500,OWN,1.0,VENTURE,5000,14.59,0,2020-10-29 06:35:11.280000+00:00,2020-10-29 06:35:11.280000+00:00,BONITA SPRINGS,FL,PRIMARY,6923,11428,570760748,2017-01-01 12:00:00+00:00,2017-01-01 12:00:00+00:00
11,18641,19530822_8321,85204,22,40000,RENT,2.0,EDUCATION,9000,10.59,0,2021-05-07 17:18:49.851000+00:00,2021-05-07 17:18:49.851000+00:00,18641,85204,22,40000,RENT,2.0,EDUCATION,9000,10.59,0,2021-05-07 17:18:49.851000+00:00,2021-05-07 17:18:49.851000+00:00,MESA,AZ,PRIMARY,23251,42421,728526805,2017-01-01 12:00:00+00:00,2017-01-01 12:00:00+00:00
12,38272,19951202_6841,32777,44,61000,RENT,2.0,DEBTCONSOLIDATION,11000,16.02,1,2020-08-30 12:13:51.286000+00:00,2020-08-30 12:13:51.286000+00:00,38272,32777,44,61000,RENT,2.0,DEBTCONSOLIDATION,11000,16.02,1,2020-08-30 12:13:51.286000+00:00,2020-08-30 12:13:51.286000+00:00,TANGERINE,FL,PRIMARY,281,509,8962046,2017-01-01 12:00:00+00:00,2017-01-01 12:00:00+00:00
13,31577,19871210_3692,39474,35,60000,RENT,7.0,PERSONAL,10000,11.11,0,2020-11-23 20:13:04.018000+00:00,2020-11-23 20:13:04.018000+00:00,31577,39474,35,60000,RENT,7.0,PERSONAL,10000,11.11,0,2020-11-23 20:13:04.018000+00:00,2020-11-23 20:13:04.018000+00:00,PRENTISS,MS,PRIMARY,2695,4780,63767399,2017-01-01 12:00:00+00:00,2017-01-01 12:00:00+00:00
14,10598,19640113_6316,31795,23,54504,RENT,1.0,PERSONAL,20000,16.7,1,2021-08-18 05:39:04.224000+00:00,2021-08-18 05:39:04.224000+00:00,10598,31795,23,54504,RENT,1.0,PERSONAL,20000,16.7,1,2021-08-18 05:39:04.224000+00:00,2021-08-18 05:39:04.224000+00:00,TY TY,GA,PRIMARY,910,1673,23810078,2017-01-01 12:00:00+00:00,2017-01-01 12:00:00+00:00
15,28135,19471207_8523,45695,30,93500,RENT,3.0,EDUCATION,9925,12.09,0,2021-01-06 17:07:06.872000+00:00,2021-01-06 17:07:06.872000+00:00,28135,45695,30,93500,RENT,3.0,EDUCATION,9925,12.09,0,2021-01-06 17:07:06.872000+00:00,2021-01-06 17:07:06.872000+00:00,WILKESVILLE,OH,PRIMARY,304,525,7896798,2017-01-01 12:00:00+00:00,2017-01-01 12:00:00+00:00
16,17231,19891012_7651,28515,26,36000,RENT,10.0,VENTURE,7500,10.59,0,2021-05-25 16:37:47.917000+00:00,2021-05-25 16:37:47.917000+00:00,17231,28515,26,36000,RENT,10.0,VENTURE,7500,10.59,0,2021-05-25 16:37:47.917000+00:00,2021-05-25 16:37:47.917000+00:00,BAYBORO,NC,PRIMARY,885,1543,20752574,2017-01-01 12:00:00+00:00,2017-01-01 12:00:00+00:00
17,34067,19470104_5144,4780,30,134500,MORTGAGE,9.0,DEBTCONSOLIDATION,24000,15.96,0,2020-10-23 02:31:54.668000+00:00,2020-10-23 02:31:54.668000+00:00,34067,4780,30,134500,MORTGAGE,9.0,DEBTCONSOLIDATION,24000,15.96,0,2020-10-23 02:31:54.668000+00:00,2020-10-23 02:31:54.668000+00:00,SMYRNA MILLS,ME,PRIMARY,302,573,6894049,2017-01-01 12:00:00+00:00,2017-01-01 12:00:00+00:00
18,16776,19630530_3579,17584,24,33600,RENT,0.0,PERSONAL,7000,13.61,0,2021-05-31 11:48:48.782000+00:00,2021-05-31 11:48:48.782000+00:00,16776,17584,24,33600,RENT,0.0,PERSONAL,7000,13.61,0,2021-05-31 11:48:48.782000+00:00,2021-05-31 11:48:48.782000+00:00,WILLOW STREET,PA,PRIMARY,4628,8112,153995957,2017-01-01 12:00:00+00:00,2017-01-01 12:00:00+00:00
19,38331,19660315_5107,5079,44,95000,MORTGAGE,4.0,EDUCATION,10000,10.95,0,2020-08-29 18:10:58.558000+00:00,2020-08-29 18:10:58.558000+00:00,38331,5079,44,95000,MORTGAGE,4.0,EDUCATION,10000,10.95,0,2020-08-29 18:10:58.558000+00:00,2020-08-29 18:10:58.558000+00:00,VERSHIRE,VT,PRIMARY,315,538,8801718,2017-01-01 12:00:00+00:00,2017-01-01 12:00:00+00:00
20,38173,19700917_6945,63071,46,60000,MORTGAGE,7.0,PERSONAL,3600,6.99,0,2020-08-31 18:30:53.320000+00:00,2020-08-31 18:30:53.320000+00:00,38173,63071,46,60000,MORTGAGE,7.0,PERSONAL,3600,6.99,0,2020-08-31 18:30:53.320000+00:00,2020-08-31 18:30:53.320000+00:00,RICHWOODS,MO,PRIMARY,425,805,11093285,2017-01-01 12:00:00+00:00,2017-01-01 12:00:00+00:00
21,29190,19751225_4092,28757,27,50000,MORTGAGE,2.0,HOMEIMPROVEMENT,10750,13.48,0,2020-12-24 06:23:46.404000+00:00,2020-12-24 06:23:46.404000+00:00,29190,28757,27,50000,MORTGAGE,2.0,HOMEIMPROVEMENT,10750,13.48,0,2020-12-24 06:23:46.404000+00:00,2020-12-24 06:23:46.404000+00:00,MONTREAT,NC,PRIMARY,290,481,7421358,2017-01-01 12:00:00+00:00,2017-01-01 12:00:00+00:00
22,33105,19630813_8026,30153,32,63000,RENT,11.0,EDUCATION,14000,6.91,0,2020-11-04 08:48:20.497000+00:00,2020-11-04 08:48:20.497000+00:00,33105,30153,32,63000,RENT,11.0,EDUCATION,14000,6.91,0,2020-11-04 08:48:20.497000+00:00,2020-11-04 08:48:20.497000+00:00,ROCKMART,GA,PRIMARY,7295,13703,235743491,2017-01-01 12:00:00+00:00,2017-01-01 12:00:00+00:00
23,29112,19641010_2875,71030,29,50000,OWN,6.0,MEDICAL,4000,5.42,0,2020-12-25 06:15:22.553000+00:00,2020-12-25 06:15:22.553000+00:00,29112,71030,29,50000,OWN,6.0,MEDICAL,4000,5.42,0,2020-12-25 06:15:22.553000+00:00,2020-12-25 06:15:22.553000+00:00,GLOSTER,LA,PRIMARY,642,1204,19792512,2017-01-01 12:00:00+00:00,2017-01-01 12:00:00+00:00
24,23066,19890804_1120,13668,21,117000,MORTGAGE,3.0,PERSONAL,4800,14.54,0,2021-03-12 07:42:55.282000+00:00,2021-03-12 07:42:55.282000+00:00,23066,13668,21,117000,MORTGAGE,3.0,PERSONAL,4800,14.54,0,2021-03-12 07:42:55.282000+00:00,2021-03-12 07:42:55.282000+00:00,NORWOOD,NY,PRIMARY,1467,2591,47386113,2017-01-01 12:00:00+00:00,2017-01-01 12:00:00+00:00
25,30445,19701002_3781,8901,30,24000,RENT,14.0,EDUCATION,5000,11.11,1,2020-12-08 06:29:39.402000+00:00,2020-12-08 06:29:39.402000+00:00,30445,8901,30,24000,RENT,14.0,EDUCATION,5000,11.11,1,2020-12-08 06:29:39.402000+00:00,2020-12-08 06:29:39.402000+00:00,NEW BRUNSWICK,NJ,PRIMARY,16776,28187,495595423,2017-01-01 12:00:00+00:00,2017-01-01 12:00:00+00:00
26,16620,19620312_4269,33493,22,54000,MORTGAGE,5.0,MEDICAL,7000,10.65,0,2021-06-02 11:32:01.079000+00:00,2021-06-02 11:32:01.079000+00:00,16620,33493,22,54000,MORTGAGE,5.0,MEDICAL,7000,10.65,0,2021-06-02 11:32:01.079000+00:00,2021-06-02 11:32:01.079000+00:00,SOUTH BAY,FL,PRIMARY,1267,2306,31364205,2017-01-01 12:00:00+00:00,2017-01-01 12:00:00+00:00
27,19275,19640908_3903,50650,23,68500,MORTGAGE,7.0,EDUCATION,4200,11.66,0,2021-04-29 15:22:28.337000+00:00,2021-04-29 15:22:28.337000+00:00,19275,50650,23,68500,MORTGAGE,7.0,EDUCATION,4200,11.66,0,2021-04-29 15:22:28.337000+00:00,2021-04-29 15:22:28.337000+00:00,LAMONT,IA,PRIMARY,340,602,8241625,2017-01-01 12:00:00+00:00,2017-01-01 12:00:00+00:00
28,27800,19921010_6299,51638,30,39962,MORTGAGE,5.0,DEBTCONSOLIDATION,3200,9.7,0,2021-01-10 23:35:39.817000+00:00,2021-01-10 23:35:39.817000+00:00,27800,51638,30,39962,MORTGAGE,5.0,DEBTCONSOLIDATION,3200,9.7,0,2021-01-10 23:35:39.817000+00:00,2021-01-10 23:35:39.817000+00:00,ESSEX,IA,PRIMARY,607,1118,18363054,2017-01-01 12:00:00+00:00,2017-01-01 12:00:00+00:00
29,21727,19701030_7635,92562,24,78000,MORTGAGE,0.0,DEBTCONSOLIDATION,19500,15.31,1,2021-03-29 09:18:45.828000+00:00,2021-03-29 09:18:45.828000+00:00,21727,92562,24,78000,MORTGAGE,0.0,DEBTCONSOLIDATION,19500,15.31,1,2021-03-29 09:18:45.828000+00:00,2021-03-29 09:18:45.828000+00:00,MURRIETA,CA,PRIMARY,23762,45927,1191210837,2017-01-01 12:00:00+00:00,2017-01-01 12:00:00+00:00
30,12169,19600716_5309,10583,25,17400,RENT,0.0,EDUCATION,3000,11.83,1,2021-07-29 05:05:07.698000+00:00,2021-07-29 05:05:07.698000+00:00,12169,10583,25,17400,RENT,0.0,EDUCATION,3000,11.83,1,2021-07-29 05:05:07.698000+00:00,2021-07-29 05:05:07.698000+00:00,SCARSDALE,NY,PRIMARY,19793,36163,528333370,2017-01-01 12:00:00+00:00,2017-01-01 12:00:00+00:00
31,12171,19550213_1841,3218,21,17916,RENT,1.0,MEDICAL,3000,6.0,1,2021-07-29 04:28:25.232000+00:00,2021-07-29 04:28:25.232000+00:00,12171,3218,21,17916,RENT,1.0,MEDICAL,3000,6.0,1,2021-07-29 04:28:25.232000+00:00,2021-07-29 04:28:25.232000+00:00,BARNSTEAD,NH,PRIMARY,592,1040,22542745,2017-01-01 12:00:00+00:00,2017-01-01 12:00:00+00:00
32,14825,19801201_5126,52747,23,66000,RENT,7.0,VENTURE,5000,10.39,0,2021-06-25 08:37:13.723000+00:00,2021-06-25 08:37:13.723000+00:00,14825,52747,23,66000,RENT,7.0,VENTURE,5000,10.39,0,2021-06-25 08:37:13.723000+00:00,2021-06-25 08:37:13.723000+00:00,DURANT,IA,PRIMARY,1094,1983,41187754,2017-01-01 12:00:00+00:00,2017-01-01 12:00:00+00:00
33,15902,19661225_5079,77223,21,21600,RENT,6.0,EDUCATION,7000,13.98,1,2021-06-11 15:10:06.137000+00:00,2021-06-11 15:10:06.137000+00:00,15902,77223,21,21600,RENT,6.0,EDUCATION,7000,13.98,1,2021-06-11 15:10:06.137000+00:00,2021-06-11 15:10:06.137000+00:00,HOUSTON,TX,PRIMARY,267,466,7000057,2017-01-01 12:00:00+00:00,2017-01-01 12:00:00+00:00
34,11519,19721205_7203,78070,23,30000,RENT,0.0,PERSONAL,1925,12.18,0,2021-08-06 11:55:08.934000+00:00,2021-08-06 11:55:08.934000+00:00,11519,78070,23,30000,RENT,0.0,PERSONAL,1925,12.18,0,2021-08-06 11:55:08.934000+00:00,2021-08-06 11:55:08.934000+00:00,SPRING BRANCH,TX,PRIMARY,6323,12245,336004817,2017-01-01 12:00:00+00:00,2017-01-01 12:00:00+00:00
35,10157,19961109_2655,93004,26,200000,MORTGAGE,4.0,EDUCATION,15000,14.79,0,2021-08-23 20:33:07.832000+00:00,2021-08-23 20:33:07.832000+00:00,10157,93004,26,200000,MORTGAGE,4.0,EDUCATION,15000,14.79,0,2021-08-23 20:33:07.832000+00:00,2021-08-23 20:33:07.832000+00:00,VENTURA,CA,PRIMARY,12882,23167,609355820,2017-01-01 12:00:00+00:00,2017-01-01 12:00:00+00:00
36,35214,19490711_1919,64640,30,28000,OWN,5.0,HOMEIMPROVEMENT,6300,11.99,0,2020-10-08 11:40:00.794000+00:00,2020-10-08 11:40:00.794000+00:00,35214,64640,30,28000,OWN,5.0,HOMEIMPROVEMENT,6300,11.99,0,2020-10-08 11:40:00.794000+00:00,2020-10-08 11:40:00.794000+00:00,GALLATIN,MO,PRIMARY,1374,2538,37555781,2017-01-01 12:00:00+00:00,2017-01-01 12:00:00+00:00
37,27105,19660329_8158,11955,28,48876,RENT,5.0,PERSONAL,3000,14.59,0,2021-01-19 20:11:36.523000+00:00,2021-01-19 20:11:36.523000+00:00,27105,11955,28,48876,RENT,5.0,PERSONAL,3000,14.59,0,2021-01-19 20:11:36.523000+00:00,2021-01-19 20:11:36.523000+00:00,MORICHES,NY,PRIMARY,1698,2780,70767286,2017-01-01 12:00:00+00:00,2017-01-01 12:00:00+00:00
38,29909,19600309_2325,48457,27,56331,MORTGAGE,7.0,EDUCATION,10000,10.36,0,2020-12-15 02:27:20.114000+00:00,2020-12-15 02:27:20.114000+00:00,29909,48457,27,56331,MORTGAGE,7.0,EDUCATION,10000,10.36,0,2020-12-15 02:27:20.114000+00:00,2020-12-15 02:27:20.114000+00:00,MONTROSE,MI,PRIMARY,3791,6924,106989146,2017-01-01 12:00:00+00:00,2017-01-01 12:00:00+00:00
39,16393,19891024_1528,87317,26,52000,MORTGAGE,0.0,EDUCATION,3600,11.89,0,2021-06-05 08:58:20.895000+00:00,2021-06-05 08:58:20.895000+00:00,16393,87317,26,52000,MORTGAGE,0.0,EDUCATION,3600,11.89,0,2021-06-05 08:58:20.895000+00:00,2021-06-05 08:58:20.895000+00:00,GAMERCO,NM,PRIMARY,577,988,12731045,2017-01-01 12:00:00+00:00,2017-01-01 12:00:00+00:00
40,17929,19720315_2142,44224,24,56000,RENT,2.0,MEDICAL,8000,7.51,0,2021-05-16 19:06:47.513000+00:00,2021-05-16 19:06:47.513000+00:00,17929,44224,24,56000,RENT,2.0,MEDICAL,8000,7.51,0,2021-05-16 19:06:47.513000+00:00,2021-05-16 19:06:47.513000+00:00,STOW,OH,PRIMARY,20030,33898,875868822,2017-01-01 12:00:00+00:00,2017-01-01 12:00:00+00:00
41,25782,19831221_8581,10471,31,240000,MORTGAGE,15.0,MEDICAL,5500,5.42,0,2021-02-05 16:53:47.347000+00:00,2021-02-05 16:53:47.347000+00:00,25782,10471,31,240000,MORTGAGE,15.0,MEDICAL,5500,5.42,0,2021-02-05 16:53:47.347000+00:00,2021-02-05 16:53:47.347000+00:00,BRONX,NY,PRIMARY,9876,15606,623827705,2017-01-01 12:00:00+00:00,2017-01-01 12:00:00+00:00
42,11261,19580522_9064,7723,24,26650,MORTGAGE,6.0,MEDICAL,1000,12.53,0,2021-08-09 18:50:26.963000+00:00,2021-08-09 18:50:26.963000+00:00,11261,7723,24,26650,MORTGAGE,6.0,MEDICAL,1000,12.53,0,2021-08-09 18:50:26.963000+00:00,2021-08-09 18:50:26.963000+00:00,DEAL,NJ,PRIMARY,535,875,38425444,2017-01-01 12:00:00+00:00,2017-01-01 12:00:00+00:00
43,10166,19620708_1065,98038,25,200000,MORTGAGE,9.0,PERSONAL,23050,14.35,0,2021-08-23 17:47:56.738000+00:00,2021-08-23 17:47:56.738000+00:00,10166,98038,25,200000,MORTGAGE,9.0,PERSONAL,23050,14.35,0,2021-08-23 17:47:56.738000+00:00,2021-08-23 17:47:56.738000+00:00,MAPLE VALLEY,WA,PRIMARY,13596,26284,868946579,2017-01-01 12:00:00+00:00,2017-01-01 12:00:00+00:00
44,19518,19791126_8004,77272,22,70000,MORTGAGE,5.0,VENTURE,21000,8.88,0,2021-04-26 13:02:28.798000+00:00,2021-04-26 13:02:28.798000+00:00,19518,77272,22,70000,MORTGAGE,5.0,VENTURE,21000,8.88,0,2021-04-26 13:02:28.798000+00:00,2021-04-26 13:02:28.798000+00:00,HOUSTON,TX,PRIMARY,574,952,17871728,2017-01-01 12:00:00+00:00,2017-01-01 12:00:00+00:00
45,36821,19510602_3795,35011,44,48000,RENT,4.0,MEDICAL,7500,11.49,0,2020-09-18 00:05:19.892000+00:00,2020-09-18 00:05:19.892000+00:00,36821,35011,44,48000,RENT,4.0,MEDICAL,7500,11.49,0,2020-09-18 00:05:19.892000+00:00,2020-09-18 00:05:19.892000+00:00,ALEXANDER CITY,AL,PRIMARY,763,1334,24855050,2017-01-01 12:00:00+00:00,2017-01-01 12:00:00+00:00
46,28174,19990624_4086,99218,28,42000,MORTGAGE,0.0,DEBTCONSOLIDATION,12000,9.62,0,2021-01-06 05:11:18.798000+00:00,2021-01-06 05:11:18.798000+00:00,28174,99218,28,42000,MORTGAGE,0.0,DEBTCONSOLIDATION,12000,9.62,0,2021-01-06 05:11:18.798000+00:00,2021-01-06 05:11:18.798000+00:00,SPOKANE,WA,PRIMARY,5973,10594,210817301,2017-01-01 12:00:00+00:00,2017-01-01 12:00:00+00:00
47,36689,19500812_8568,70441,36,52000,MORTGAGE,2.0,HOMEIMPROVEMENT,8000,7.51,0,2020-09-19 16:28:02.604000+00:00,2020-09-19 16:28:02.604000+00:00,36689,70441,36,52000,MORTGAGE,2.0,HOMEIMPROVEMENT,8000,7.51,0,2020-09-19 16:28:02.604000+00:00,2020-09-19 16:28:02.604000+00:00,GREENSBURG,LA,PRIMARY,2122,3865,53481936,2017-01-01 12:00:00+00:00,2017-01-01 12:00:00+00:00
48,10438,19960423_9503,16218,21,18701,MORTGAGE,0.0,PERSONAL,4200,14.11,1,2021-08-20 06:35:41.451000+00:00,2021-08-20 06:35:41.451000+00:00,10438,16218,21,18701,MORTGAGE,0.0,PERSONAL,4200,14.11,1,2021-08-20 06:35:41.451000+00:00,2021-08-20 06:35:41.451000+00:00,COWANSVILLE,PA,PRIMARY,529,936,16726545,2017-01-01 12:00:00+00:00,2017-01-01 12:00:00+00:00
49,21063,19841010_2032,19956,25,83004,MORTGAGE,9.0,PERSONAL,5000,6.76,0,2021-04-06 20:25:44.322000+00:00,2021-04-06 20:25:44.322000+00:00,21063,19956,25,83004,MORTGAGE,9.0,PERSONAL,5000,6.76,0,2021-04-06 20:25:44.322000+00:00,2021-04-06 20:25:44.322000+00:00,LAUREL,DE,PRIMARY,6858,12111,200021101,2017-01-01 12:00:00+00:00,2017-01-01 12:00:00+00:00
50,32136,20000822_3089,74883,30,34000,RENT,0.0,DEBTCONSOLIDATION,12000,12.87,1,2020-11-16 17:13:14.955000+00:00,2020-11-16 17:13:14.955000+00:00,32136,74883,30,34000,RENT,0.0,DEBTCONSOLIDATION,12000,12.87,1,2020-11-16 17:13:14.955000+00:00,2020-11-16 17:13:14.955000+00:00,WETUMKA,OK,PRIMARY,987,1789,25388758,2017-01-01 12:00:00+00:00,2017-01-01 12:00:00+00:00
51,23261,19960913_5222,6825,24,108000,MORTGAGE,1.0,DEBTCONSOLIDATION,25000,13.99,1,2021-03-09 20:03:54.911000+00:00,2021-03-09 20:03:54.911000+00:00,23261,6825,24,108000,MORTGAGE,1.0,DEBTCONSOLIDATION,25000,13.99,1,2021-03-09 20:03:54.911000+00:00,2021-03-09 20:03:54.911000+00:00,FAIRFIELD,CT,PRIMARY,9355,16768,638307823,2017-01-01 12:00:00+00:00,2017-01-01 12:00:00+00:00
52,26687,19990304_9642,80962,29,120000,RENT,3.0,DEBTCONSOLIDATION,15000,9.63,0,2021-01-25 04:03:31.780000+00:00,2021-01-25 04:03:31.780000+00:00,26687,80962,29,120000,RENT,3.0,DEBTCONSOLIDATION,15000,9.63,0,2021-01-25 04:03:31.780000+00:00,2021-01-25 04:03:31.780000+00:00,COLORADO SPRINGS,CO,PRIMARY,483,827,21714643,2017-01-01 12:00:00+00:00,2017-01-01 12:00:00+00:00
53,22437,19700826_5706,11432,22,140000,RENT,0.0,MEDICAL,14000,13.11,0,2021-03-20 08:07:30.632000+00:00,2021-03-20 08:07:30.632000+00:00,22437,11432,22,140000,RENT,0.0,MEDICAL,14000,13.11,0,2021-03-20 08:07:30.632000+00:00,2021-03-20 08:07:30.632000+00:00,JAMAICA,NY,PRIMARY,24626,41968,815001669,2017-01-01 12:00:00+00:00,2017-01-01 12:00:00+00:00
54,30308,19721125_2866,32937,32,51400,RENT,1.0,HOMEIMPROVEMENT,8000,7.51,0,2020-12-10 00:24:08.278000+00:00,2020-12-10 00:24:08.278000+00:00,30308,32937,32,51400,RENT,1.0,HOMEIMPROVEMENT,8000,7.51,0,2020-12-10 00:24:08.278000+00:00,2020-12-10 00:24:08.278000+00:00,SATELLITE BEACH,FL,PRIMARY,12963,21943,573425547,2017-01-01 12:00:00+00:00,2017-01-01 12:00:00+00:00
55,34066,19500520_6295,74940,29,134000,MORTGAGE,2.0,PERSONAL,8000,14.22,0,2020-10-23 02:50:15.900000+00:00,2020-10-23 02:50:15.900000+00:00,34066,74940,29,134000,MORTGAGE,2.0,PERSONAL,8000,14.22,0,2020-10-23 02:50:15.900000+00:00,2020-10-23 02:50:15.900000+00:00,HOWE,OK,PRIMARY,864,1680,26304688,2017-01-01 12:00:00+00:00,2017-01-01 12:00:00+00:00
56,17327,19560119_4823,3833,26,57006,MORTGAGE,10.0,DEBTCONSOLIDATION,6000,6.17,0,2021-05-24 11:15:49.580000+00:00,2021-05-24 11:15:49.580000+00:00,17327,3833,26,57006,MORTGAGE,10.0,DEBTCONSOLIDATION,6000,6.17,0,2021-05-24 11:15:49.580000+00:00,2021-05-24 11:15:49.580000+00:00,EXETER,NH,PRIMARY,10490,18286,571105228,2017-01-01 12:00:00+00:00,2017-01-01 12:00:00+00:00
57,32167,19550723_3969,62448,28,81000,MORTGAGE,11.0,HOMEIMPROVEMENT,6000,6.17,0,2020-11-16 07:44:16.743000+00:00,2020-11-16 07:44:16.743000+00:00,32167,62448,28,81000,MORTGAGE,11.0,HOMEIMPROVEMENT,6000,6.17,0,2020-11-16 07:44:16.743000+00:00,2020-11-16 07:44:16.743000+00:00,NEWTON,IL,PRIMARY,2903,5182,84135218,2017-01-01 12:00:00+00:00,2017-01-01 12:00:00+00:00
58,17647,19520419_7564,13440,23,29000,RENT,7.0,EDUCATION,8000,12.73,1,2021-05-20 09:22:35.126000+00:00,2021-05-20 09:22:35.126000+00:00,17647,13440,23,29000,RENT,7.0,EDUCATION,8000,12.73,1,2021-05-20 09:22:35.126000+00:00,2021-05-20 09:22:35.126000+00:00,ROME,NY,PRIMARY,18712,31499,589434231,2017-01-01 12:00:00+00:00,2017-01-01 12:00:00+00:00
59,34799,19791129_7157,47142,33,103000,RENT,0.0,EDUCATION,9000,14.65,1,2020-10-13 18:36:52.352000+00:00,2020-10-13 18:36:52.352000+00:00,34799,47142,33,103000,RENT,0.0,EDUCATION,9000,14.65,1,2020-10-13 18:36:52.352000+00:00,2020-10-13 18:36:52.352000+00:00,MAUCKPORT,IN,PRIMARY,423,749,11610685,2017-01-01 12:00:00+00:00,2017-01-01 12:00:00+00:00
60,34799,19791129_7157,47142,33,103000,RENT,0.0,EDUCATION,9000,14.65,1,2020-10-13 18:36:52.352000+00:00,2020-10-13 18:36:52.352000+00:00,34799,47142,33,103000,RENT,0.0,EDUCATION,9000,14.65,1,2020-10-13 18:36:52.352000+00:00,2020-10-13 18:36:52.352000+00:00,MAUCKPORT,IN,PRIMARY,423,749,11610685,2017-01-01 12:00:00+00:00,2017-01-01 12:00:00+00:00
61,24815,19510223_6038,76059,25,51000,MORTGAGE,6.0,EDUCATION,16750,16.4,0,2021-02-18 00:41:59.340000+00:00,2021-02-18 00:41:59.340000+00:00,24815,76059,25,51000,MORTGAGE,6.0,EDUCATION,16750,16.4,0,2021-02-18 00:41:59.340000+00:00,2021-02-18 00:41:59.340000+00:00,KEENE,TX,PRIMARY,1918,3540,56418169,2017-01-01 12:00:00+00:00,2017-01-01 12:00:00+00:00
62,34282,19840325_7595,49544,29,150000,MORTGAGE,0.0,HOMEIMPROVEMENT,10700,14.22,0,2020-10-20 08:45:49.643000+00:00,2020-10-20 08:45:49.643000+00:00,34282,49544,29,150000,MORTGAGE,0.0,HOMEIMPROVEMENT,10700,14.22,0,2020-10-20 08:45:49.643000+00:00,2020-10-20 08:45:49.643000+00:00,GRAND RAPIDS,MI,PRIMARY,4518,7557,148235773,2017-01-01 12:00:00+00:00,2017-01-01 12:00:00+00:00
63,19150,19950320_6494,4488,22,67440,MORTGAGE,6.0,EDUCATION,5500,10.25,0,2021-05-01 05:36:42.421000+00:00,2021-05-01 05:36:42.421000+00:00,19150,4488,22,67440,MORTGAGE,6.0,EDUCATION,5500,10.25,0,2021-05-01 05:36:42.421000+00:00,2021-05-01 05:36:42.421000+00:00,STETSON,ME,PRIMARY,519,944,16712172,2017-01-01 12:00:00+00:00,2017-01-01 12:00:00+00:00
64,35742,19790809_8840,36088,39,55059,RENT,16.0,DEBTCONSOLIDATION,24000,12.53,1,2020-10-01 18:09:09.944000+00:00,2020-10-01 18:09:09.944000+00:00,35742,36088,39,55059,RENT,16.0,DEBTCONSOLIDATION,24000,12.53,1,2020-10-01 18:09:09.944000+00:00,2020-10-01 18:09:09.944000+00:00,TUSKEGEE INSTITUTE,AL,PRIMARY,1208,1889,22206967,2017-01-01 12:00:00+00:00,2017-01-01 12:00:00+00:00
65,32892,19920219_5973,78739,27,33600,OWN,1.0,PERSONAL,21250,8.88,0,2020-11-07 01:57:43.056000+00:00,2020-11-07 01:57:43.056000+00:00,32892,78739,27,33600,OWN,1.0,PERSONAL,21250,8.88,0,2020-11-07 01:57:43.056000+00:00,2020-11-07 01:57:43.056000+00:00,AUSTIN,TX,PRIMARY,6676,14154,565514937,2017-01-01 12:00:00+00:00,2017-01-01 12:00:00+00:00
66,33358,19770804_8916,37130,33,90000,RENT,8.0,DEBTCONSOLIDATION,14500,14.65,0,2020-11-01 03:24:48.631000+00:00,2020-11-01 03:24:48.631000+00:00,33358,37130,33,90000,RENT,8.0,DEBTCONSOLIDATION,14500,14.65,0,2020-11-01 03:24:48.631000+00:00,2020-11-01 03:24:48.631000+00:00,MURFREESBORO,TN,PRIMARY,20872,34702,680894938,2017-01-01 12:00:00+00:00,2017-01-01 12:00:00+00:00
67,11796,19731009_8512,47038,25,44400,RENT,6.0,EDUCATION,2350,13.98,0,2021-08-02 23:11:07.484000+00:00,2021-08-02 23:11:07.484000+00:00,11796,47038,25,44400,RENT,6.0,EDUCATION,2350,13.98,0,2021-08-02 23:11:07.484000+00:00,2021-08-02 23:11:07.484000+00:00,PATRIOT,IN,PRIMARY,508,923,14597846,2017-01-01 12:00:00+00:00,2017-01-01 12:00:00+00:00
68,19731,19860521_3415,29729,26,72000,MORTGAGE,10.0,MEDICAL,17000,10.65,0,2021-04-23 19:53:06.239000+00:00,2021-04-23 19:53:06.239000+00:00,19731,29729,26,72000,MORTGAGE,10.0,MEDICAL,17000,10.65,0,2021-04-23 19:53:06.239000+00:00,2021-04-23 19:53:06.239000+00:00,RICHBURG,SC,PRIMARY,1019,1893,31572323,2017-01-01 12:00:00+00:00,2017-01-01 12:00:00+00:00
69,20570,19730416_9675,80904,26,61754,MORTGAGE,7.0,MEDICAL,10000,14.83,1,2021-04-13 03:14:12.028000+00:00,2021-04-13 03:14:12.028000+00:00,20570,80904,26,61754,MORTGAGE,7.0,MEDICAL,10000,14.83,1,2021-04-13 03:14:12.028000+00:00,2021-04-13 03:14:12.028000+00:00,COLORADO SPRINGS,CO,PRIMARY,9987,15460,300137463,2017-01-01 12:00:00+00:00,2017-01-01 12:00:00+00:00
70,37241,19970209_1933,2667,50,72000,MORTGAGE,13.0,MEDICAL,8000,11.49,0,2020-09-12 15:36:42.170000+00:00,2020-09-12 15:36:42.170000+00:00,37241,2667,50,72000,MORTGAGE,13.0,MEDICAL,8000,11.49,0,2020-09-12 15:36:42.170000+00:00,2020-09-12 15:36:42.170000+00:00,WELLFLEET,MA,PRIMARY,1406,2145,34818321,2017-01-01 12:00:00+00:00,2017-01-01 12:00:00+00:00
71,37361,19450317_3985,27619,38,77250,OWN,4.0,VENTURE,3000,8.59,0,2020-09-11 02:54:14.249000+00:00,2020-09-11 02:54:14.249000+00:00,37361,27619,38,77250,OWN,4.0,VENTURE,3000,8.59,0,2020-09-11 02:54:14.249000+00:00,2020-09-11 02:54:14.249000+00:00,RALEIGH,NC,PRIMARY,414,630,16204724,2017-01-01 12:00:00+00:00,2017-01-01 12:00:00+00:00
72,34025,19920522_8812,60434,33,118000,MORTGAGE,5.0,DEBTCONSOLIDATION,25000,14.96,1,2020-10-23 15:22:46.440000+00:00,2020-10-23 15:22:46.440000+00:00,34025,60434,33,118000,MORTGAGE,5.0,DEBTCONSOLIDATION,25000,14.96,1,2020-10-23 15:22:46.440000+00:00,2020-10-23 15:22:46.440000+00:00,JOLIET,IL,PRIMARY,771,1213,22151646,2017-01-01 12:00:00+00:00,2017-01-01 12:00:00+00:00
73,38038,19890221_1496,27878,42,300000,RENT,26.0,MEDICAL,16000,9.63,0,2020-09-02 11:48:39.731000+00:00,2020-09-02 11:48:39.731000+00:00,38038,27878,42,300000,RENT,26.0,MEDICAL,16000,9.63,0,2020-09-02 11:48:39.731000+00:00,2020-09-02 11:48:39.731000+00:00,SHARPSBURG,NC,PRIMARY,1103,1977,25901168,2017-01-01 12:00:00+00:00,2017-01-01 12:00:00+00:00
74,26328,19750409_4895,68638,27,64000,RENT,3.0,MEDICAL,18000,11.11,0,2021-01-29 17:52:34.309000+00:00,2021-01-29 17:52:34.309000+00:00,26328,68638,27,64000,RENT,3.0,MEDICAL,18000,11.11,0,2021-01-29 17:52:34.309000+00:00,2021-01-29 17:52:34.309000+00:00,FULLERTON,NE,PRIMARY,788,1437,19517537,2017-01-01 12:00:00+00:00,2017-01-01 12:00:00+00:00
75,34856,19490916_9161,92654,30,51000,RENT,14.0,PERSONAL,4800,12.69,0,2020-10-13 01:10:42.090000+00:00,2020-10-13 01:10:42.090000+00:00,34856,92654,30,51000,RENT,14.0,PERSONAL,4800,12.69,0,2020-10-13 01:10:42.090000+00:00,2020-10-13 01:10:42.090000+00:00,LAGUNA HILLS,CA,PRIMARY,577,846,18974739,2017-01-01 12:00:00+00:00,2017-01-01 12:00:00+00:00
76,23803,20000219_1345,56501,25,39000,RENT,9.0,VENTURE,15200,16.0,1,2021-03-02 22:16:06.803000+00:00,2021-03-02 22:16:06.803000+00:00,23803,56501,25,39000,RENT,9.0,VENTURE,15200,16.0,1,2021-03-02 22:16:06.803000+00:00,2021-03-02 22:16:06.803000+00:00,DETROIT LAKES,MN,PRIMARY,7471,12936,236814606,2017-01-01 12:00:00+00:00,2017-01-01 12:00:00+00:00
77,10475,19801206_7479,61238,25,51060,RENT,9.0,VENTURE,21250,6.91,1,2021-08-19 19:16:35.842000+00:00,2021-08-19 19:16:35.842000+00:00,10475,61238,25,51060,RENT,9.0,VENTURE,21250,6.91,1,2021-08-19 19:16:35.842000+00:00,2021-08-19 19:16:35.842000+00:00,CAMBRIDGE,IL,PRIMARY,1480,2714,45977626,2017-01-01 12:00:00+00:00,2017-01-01 12:00:00+00:00
78,29649,19601016_7021,95666,34,54072,MORTGAGE,12.0,PERSONAL,7000,11.89,0,2020-12-18 09:59:20.608000+00:00,2020-12-18 09:59:20.608000+00:00,29649,95666,34,54072,MORTGAGE,12.0,PERSONAL,7000,11.89,0,2020-12-18 09:59:20.608000+00:00,2020-12-18 09:59:20.608000+00:00,PIONEER,CA,PRIMARY,2400,4179,65818845,2017-01-01 12:00:00+00:00,2017-01-01 12:00:00+00:00
79,33570,19580705_1279,71327,29,42000,RENT,5.0,PERSONAL,15000,10.99,1,2020-10-29 10:33:47.305000+00:00,2020-10-29 10:33:47.305000+00:00,33570,71327,29,42000,RENT,5.0,PERSONAL,15000,10.99,1,2020-10-29 10:33:47.305000+00:00,2020-10-29 10:33:47.305000+00:00,COTTONPORT,LA,PRIMARY,1549,2922,45276535,2017-01-01 12:00:00+00:00,2017-01-01 12:00:00+00:00
80,11943,19930107_1287,56368,23,75000,RENT,3.0,VENTURE,13200,6.17,0,2021-08-01 02:13:06.281000+00:00,2021-08-01 02:13:06.281000+00:00,11943,56368,23,75000,RENT,3.0,VENTURE,13200,6.17,0,2021-08-01 02:13:06.281000+00:00,2021-08-01 02:13:06.281000+00:00,RICHMOND,MN,PRIMARY,2010,3685,71040061,2017-01-01 12:00:00+00:00,2017-01-01 12:00:00+00:00
81,25012,19681114_6916,38039,23,30000,RENT,8.0,EDUCATION,10625,6.92,1,2021-02-15 12:26:16.504000+00:00,2021-02-15 12:26:16.504000+00:00,25012,38039,23,30000,RENT,8.0,EDUCATION,10625,6.92,1,2021-02-15 12:26:16.504000+00:00,2021-02-15 12:26:16.504000+00:00,GRAND JUNCTION,TN,PRIMARY,906,1629,21642549,2017-01-01 12:00:00+00:00,2017-01-01 12:00:00+00:00
82,24345,19820504_8810,2135,22,38000,MORTGAGE,6.0,DEBTCONSOLIDATION,8500,5.42,0,2021-02-24 00:28:18.695000+00:00,2021-02-24 00:28:18.695000+00:00,24345,2135,22,38000,MORTGAGE,6.0,DEBTCONSOLIDATION,8500,5.42,0,2021-02-24 00:28:18.695000+00:00,2021-02-24 00:28:18.695000+00:00,BRIGHTON,MA,PRIMARY,21268,27370,855471186,2017-01-01 12:00:00+00:00,2017-01-01 12:00:00+00:00
83,36261,19920311_4228,29909,36,40000,OWN,2.0,PERSONAL,5000,7.88,0,2020-09-25 03:23:30.187000+00:00,2020-09-25 03:23:30.187000+00:00,36261,29909,36,40000,OWN,2.0,PERSONAL,5000,7.88,0,2020-09-25 03:23:30.187000+00:00,2020-09-25 03:23:30.187000+00:00,OKATIE,SC,PRIMARY,7881,13658,195389288,2017-01-01 12:00:00+00:00,2017-01-01 12:00:00+00:00
84,37447,19990913_6732,47449,44,80160,MORTGAGE,13.0,DEBTCONSOLIDATION,5500,13.92,0,2020-09-10 00:35:48.240000+00:00,2020-09-10 00:35:48.240000+00:00,37447,47449,44,80160,MORTGAGE,13.0,DEBTCONSOLIDATION,5500,13.92,0,2020-09-10 00:35:48.240000+00:00,2020-09-10 00:35:48.240000+00:00,NEWBERRY,IN,PRIMARY,273,491,8371430,2017-01-01 12:00:00+00:00,2017-01-01 12:00:00+00:00
85,17195,19710412_8079,19545,22,25000,RENT,0.0,PERSONAL,7500,7.51,0,2021-05-26 03:38:32.293000+00:00,2021-05-26 03:38:32.293000+00:00,17195,19545,22,25000,RENT,0.0,PERSONAL,7500,7.51,0,2021-05-26 03:38:32.293000+00:00,2021-05-26 03:38:32.293000+00:00,NEW BERLINVILLE,PA,PRIMARY,305,497,9384985,2017-01-01 12:00:00+00:00,2017-01-01 12:00:00+00:00
86,31149,19891102_5641,83332,27,69830,OWN,3.0,EDUCATION,15000,16.45,0,2020-11-29 07:08:31.602000+00:00,2020-11-29 07:08:31.602000+00:00,31149,83332,27,69830,OWN,3.0,EDUCATION,15000,16.45,0,2020-11-29 07:08:31.602000+00:00,2020-11-29 07:08:31.602000+00:00,HAGERMAN,ID,PRIMARY,1018,1848,24093449,2017-01-01 12:00:00+00:00,2017-01-01 12:00:00+00:00
87,20340,19590528_8241,32837,23,83000,RENT,3.0,MEDICAL,10000,6.54,0,2021-04-16 01:35:35.543000+00:00,2021-04-16 01:35:35.543000+00:00,20340,32837,23,83000,RENT,3.0,MEDICAL,10000,6.54,0,2021-04-16 01:35:35.543000+00:00,2021-04-16 01:35:35.543000+00:00,ORLANDO,FL,PRIMARY,23738,41755,859684130,2017-01-01 12:00:00+00:00,2017-01-01 12:00:00+00:00
88,34631,19580401_1779,66724,28,64900,MORTGAGE,12.0,DEBTCONSOLIDATION,25000,15.37,1,2020-10-15 22:00:19.441000+00:00,2020-10-15 22:00:19.441000+00:00,34631,66724,28,64900,MORTGAGE,12.0,DEBTCONSOLIDATION,25000,15.37,1,2020-10-15 22:00:19.441000+00:00,2020-10-15 22:00:19.441000+00:00,CHEROKEE,KS,PRIMARY,485,882,12946467,2017-01-01 12:00:00+00:00,2017-01-01 12:00:00+00:00
89,12464,19640720_7331,95367,24,57000,RENT,1.0,MEDICAL,3000,7.88,0,2021-07-25 10:50:44.060000+00:00,2021-07-25 10:50:44.060000+00:00,12464,95367,24,57000,RENT,1.0,MEDICAL,3000,7.88,0,2021-07-25 10:50:44.060000+00:00,2021-07-25 10:50:44.060000+00:00,RIVERBANK,CA,PRIMARY,9078,17864,348987321,2017-01-01 12:00:00+00:00,2017-01-01 12:00:00+00:00
90,12464,19640720_7331,95367,24,57000,RENT,1.0,MEDICAL,3000,7.88,0,2021-07-25 10:50:44.060000+00:00,2021-07-25 10:50:44.060000+00:00,12464,95367,24,57000,RENT,1.0,MEDICAL,3000,7.88,0,2021-07-25 10:50:44.060000+00:00,2021-07-25 10:50:44.060000+00:00,RIVERBANK,CA,PRIMARY,9078,17864,348987321,2017-01-01 12:00:00+00:00,2017-01-01 12:00:00+00:00
91,10929,19771126_8304,96779,22,125000,RENT,3.0,MEDICAL,18000,14.79,0,2021-08-14 00:23:56.210000+00:00,2021-08-14 00:23:56.210000+00:00,10929,96779,22,125000,RENT,3.0,MEDICAL,18000,14.79,0,2021-08-14 00:23:56.210000+00:00,2021-08-14 00:23:56.210000+00:00,PAIA,HI,PRIMARY,2087,3245,56268426,2017-01-01 12:00:00+00:00,2017-01-01 12:00:00+00:00
92,13435,19690305_6002,23432,25,39600,MORTGAGE,5.0,HOMEIMPROVEMENT,4800,12.42,0,2021-07-13 01:49:07.136000+00:00,2021-07-13 01:49:07.136000+00:00,13435,23432,25,39600,MORTGAGE,5.0,HOMEIMPROVEMENT,4800,12.42,0,2021-07-13 01:49:07.136000+00:00,2021-07-13 01:49:07.136000+00:00,SUFFOLK,VA,PRIMARY,704,1276,34393045,2017-01-01 12:00:00+00:00,2017-01-01 12:00:00+00:00
93,16586,19900729_5815,74728,25,29120,RENT,0.0,HOMEIMPROVEMENT,6400,16.29,1,2021-06-02 21:56:02.990000+00:00,2021-06-02 21:56:02.990000+00:00,16586,74728,25,29120,RENT,0.0,HOMEIMPROVEMENT,6400,16.29,1,2021-06-02 21:56:02.990000+00:00,2021-06-02 21:56:02.990000+00:00,BROKEN BOW,OK,PRIMARY,4373,8178,112950201,2017-01-01 12:00:00+00:00,2017-01-01 12:00:00+00:00
94,35691,19980402_5345,77831,36,69000,RENT,0.0,HOMEIMPROVEMENT,25000,14.59,1,2020-10-02 09:45:12.810000+00:00,2020-10-02 09:45:12.810000+00:00,35691,77831,36,69000,RENT,0.0,HOMEIMPROVEMENT,25000,14.59,1,2020-10-02 09:45:12.810000+00:00,2020-10-02 09:45:12.810000+00:00,BEDIAS,TX,PRIMARY,1178,2191,34547649,2017-01-01 12:00:00+00:00,2017-01-01 12:00:00+00:00
95,28062,19730909_3354,53716,34,96900,RENT,1.0,DEBTCONSOLIDATION,4800,5.42,0,2021-01-07 15:26:56.857000+00:00,2021-01-07 15:26:56.857000+00:00,28062,53716,34,96900,RENT,1.0,DEBTCONSOLIDATION,4800,5.42,0,2021-01-07 15:26:56.857000+00:00,2021-01-07 15:26:56.857000+00:00,MADISON,WI,PRIMARY,10288,16904,400293102,2017-01-01 12:00:00+00:00,2017-01-01 12:00:00+00:00
96,12515,19970330_2150,5733,24,35000,MORTGAGE,7.0,EDUCATION,15000,7.49,0,2021-07-24 19:14:41.193000+00:00,2021-07-24 19:14:41.193000+00:00,12515,5733,24,35000,MORTGAGE,7.0,EDUCATION,15000,7.49,0,2021-07-24 19:14:41.193000+00:00,2021-07-24 19:14:41.193000+00:00,BRANDON,VT,PRIMARY,2818,4770,87545419,2017-01-01 12:00:00+00:00,2017-01-01 12:00:00+00:00
97,30221,19891006_8318,54937,32,40000,RENT,3.0,DEBTCONSOLIDATION,8000,9.62,0,2020-12-11 03:00:55.520000+00:00,2020-12-11 03:00:55.520000+00:00,30221,54937,32,40000,RENT,3.0,DEBTCONSOLIDATION,8000,9.62,0,2020-12-11 03:00:55.520000+00:00,2020-12-11 03:00:55.520000+00:00,FOND DU LAC,WI,PRIMARY,7718,13861,341453239,2017-01-01 12:00:00+00:00,2017-01-01 12:00:00+00:00
98,19777,20000201_4113,39342,22,72000,OWN,6.0,VENTURE,16000,10.37,0,2021-04-23 05:48:49.536000+00:00,2021-04-23 05:48:49.536000+00:00,19777,39342,22,72000,OWN,6.0,VENTURE,16000,10.37,0,2021-04-23 05:48:49.536000+00:00,2021-04-23 05:48:49.536000+00:00,MARION,MS,PRIMARY,751,1300,23864412,2017-01-01 12:00:00+00:00,2017-01-01 12:00:00+00:00
99,11896,19600821_6571,44129,22,43000,RENT,6.0,PERSONAL,13500,10.95,1,2021-08-01 16:35:44.217000+00:00,2021-08-01 16:35:44.217000+00:00,11896,44129,22,43000,RENT,6.0,PERSONAL,13500,10.95,1,2021-08-01 16:35:44.217000+00:00,2021-08-01 16:35:44.217000+00:00,CLEVELAND,OH,PRIMARY,15246,24474,474355918,2017-01-01 12:00:00+00:00,2017-01-01 12:00:00+00:00
100,36103,20011007_8293,27712,40,35820,RENT,0.0,MEDICAL,3275,8.88,0,2020-09-27 03:43:24.949000+00:00,2020-09-27 03:43:24.949000+00:00,36103,27712,40,35820,RENT,0.0,MEDICAL,3275,8.88,0,2020-09-27 03:43:24.949000+00:00,2020-09-27 03:43:24.949000+00:00,DURHAM,NC,PRIMARY,9696,17922,509535483,2017-01-01 12:00:00+00:00,2017-01-01 12:00:00+00:00
101,25530,19480802_9190,5872,24,70000,MORTGAGE,8.0,DEBTCONSOLIDATION,25000,9.62,0,2021-02-08 21:58:57.980000+00:00,2021-02-08 21:58:57.980000+00:00,25530,5872,24,70000,MORTGAGE,8.0,DEBTCONSOLIDATION,25000,9.62,0,2021-02-08 21:58:57.980000+00:00,2021-02-08 21:58:57.980000+00:00,WEST CHARLESTON,VT,PRIMARY,339,583,7858471,2017-01-01 12:00:00+00:00,2017-01-01 12:00:00+00:00
102,33540,19470923_2558,16827,33,38016,RENT,10.0,EDUCATION,15000,6.17,1,2020-10-29 19:44:24.285000+00:00,2020-10-29 19:44:24.285000+00:00,33540,16827,33,38016,RENT,10.0,EDUCATION,15000,6.17,1,2020-10-29 19:44:24.285000+00:00,2020-10-29 19:44:24.285000+00:00,BOALSBURG,PA,PRIMARY,2269,3952,103160487,2017-01-01 12:00:00+00:00,2017-01-01 12:00:00+00:00
103,18416,19920607_2455,44053,21,50000,RENT,5.0,DEBTCONSOLIDATION,8300,8.9,0,2021-05-10 14:08:27.202000+00:00,2021-05-10 14:08:27.202000+00:00,18416,44053,21,50000,RENT,5.0,DEBTCONSOLIDATION,8300,8.9,0,2021-05-10 14:08:27.202000+00:00,2021-05-10 14:08:27.202000+00:00,LORAIN,OH,PRIMARY,8702,14680,285228163,2017-01-01 12:00:00+00:00,2017-01-01 12:00:00+00:00
104,37454,19610704_2084,92075,40,81120,MORTGAGE,1.0,EDUCATION,24000,9.25,0,2020-09-09 22:27:19.611000+00:00,2020-09-09 22:27:19.611000+00:00,37454,92075,40,81120,MORTGAGE,1.0,EDUCATION,24000,9.25,0,2020-09-09 22:27:19.611000+00:00,2020-09-09 22:27:19.611000+00:00,SOLANA BEACH,CA,PRIMARY,6695,10911,481295872,2017-01-01 12:00:00+00:00,2017-01-01 12:00:00+00:00
105,23320,19890608_1101,62037,23,24000,OWN,2.0,VENTURE,6000,15.23,0,2021-03-09 02:01:02.183000+00:00,2021-03-09 02:01:02.183000+00:00,23320,62037,23,24000,OWN,2.0,VENTURE,6000,15.23,0,2021-03-09 02:01:02.183000+00:00,2021-03-09 02:01:02.183000+00:00,GRAFTON,IL,PRIMARY,929,1699,37991685,2017-01-01 12:00:00+00:00,2017-01-01 12:00:00+00:00
106,33593,19930430_3770,60042,33,115000,MORTGAGE,3.0,PERSONAL,14000,6.03,0,2020-10-29 03:31:38.954000+00:00,2020-10-29 03:31:38.954000+00:00,33593,60042,33,115000,MORTGAGE,3.0,PERSONAL,14000,6.03,0,2020-10-29 03:31:38.954000+00:00,2020-10-29 03:31:38.954000+00:00,ISLAND LAKE,IL,PRIMARY,4229,7500,196089463,2017-01-01 12:00:00+00:00,2017-01-01 12:00:00+00:00
107,20281,19520125_8596,42204,23,75000,RENT,0.0,PERSONAL,10000,13.47,0,2021-04-16 19:38:28.270000+00:00,2021-04-16 19:38:28.270000+00:00,20281,42204,23,75000,RENT,0.0,PERSONAL,10000,13.47,0,2021-04-16 19:38:28.270000+00:00,2021-04-16 19:38:28.270000+00:00,ALLENSVILLE,KY,PRIMARY,299,548,7749892,2017-01-01 12:00:00+00:00,2017-01-01 12:00:00+00:00
